VideoDuration,PubliedDate,VideoID,VideoImageURL,VideoTitle,VideoURL,VideoViews,Like,Unlike,Khan Style%,Animation%  ,Talking Head%                 ,Whiteboard%
PT6M17S,11/24/2010,aqsIWLqlDhE,Number sets 1 | Fractions | Pre-Algebra | Khan Academy,Number sets 1 | Fractions | Pre-Algebra | Khan Academy,https://www.youtube.com/embed/aqsIWLqlDhE,173015,20123,568,80,0,1,0
PT7M29S,2/8/2019,05Z_dudVav0,https://i.ytimg.com/vi/05Z_dudVav0/maxresdefault.jpg,Introduction to Sets for Roster Method & Set Builder Form | Algebra |  Math | Letstute,https://www.youtube.com/embed/05Z_dudVav0,307584,1245,56,85,0,12,0
PT8M11S,7/2/2018,VBzlvKP-2yI,https://i.ytimg.com/vi/VBzlvKP-2yI/maxresdefault.jpg,Types of sets,https://www.youtube.com/embed/VBzlvKP-2yI,485734,2356,262,86,0,21,0
PT11M49S,2/7/2018,xZELQc11ACY,https://i.ytimg.com/vi/xZELQc11ACY/maxresdefault.jpg,"Intersection of Sets, Union of Sets and Venn Diagrams",https://www.youtube.com/embed/xZELQc11ACY,685562,2456,325,84,0,10,0
PT5M17S,7/15/2011,Ksu1lo312BM,https://i.ytimg.com/vi/Ksu1lo312BM/maxresdefault.jpg,Number sets | Fractions | Pre-Algebra | Khan Academy,https://www.youtube.com/embed/Ksu1lo312BM,282656,8752,1223,87,0,11,0
PT14M41S,2/7/2018,FLgiccWl434,https://i.ytimg.com/vi/FLgiccWl434/maxresdefault.jpg,Set Builder Notation and Roster Method,https://www.youtube.com/embed/FLgiccWl434,396106,3691,62,85,0,10,0
PT7M44S,3/12/2013,jAfNg3ylZAI,https://i.ytimg.com/vi/jAfNg3ylZAI/maxresdefault.jpg,Intersection and union of sets | Probability and Statistics | Khan Academy,https://www.youtube.com/embed/jAfNg3ylZAI,880847,2584,235,95,0,12,0
PT14M43S,3/28/2018,fLMN0wtiz-4,https://i.ytimg.com/vi/fLMN0wtiz-4/maxresdefault.jpg,"Sets: Union, Intersection, Complement",https://www.youtube.com/embed/fLMN0wtiz-4,310883,3969,231,96,0,11,0
PT8M18S,5/26/2015,0ZKtsUkrgFQ,https://i.ytimg.com/vi/0ZKtsUkrgFQ/maxresdefault.jpg,Ways to represent data | Data and statistics | 6th grade | Khan Academy,https://www.youtube.com/embed/0ZKtsUkrgFQ,570962,1452,526,85,0,11,0
PT6M57S,11/4/2011,Uz0MtFlLD-k,https://i.ytimg.com/vi/Uz0MtFlLD-k/maxresdefault.jpg,Relations and functions | Functions and their graphs | Algebra II | Khan Academy,https://www.youtube.com/embed/Uz0MtFlLD-k,13515227,33652,324,86,0,0,0
PT2M52S,6/26/2010,psyWUUkI-aw,https://i.ytimg.com/vi/psyWUUkI-aw/maxresdefault.jpg,Number sets 3 | Fractions | Pre-Algebra | Khan Academy,https://www.youtube.com/embed/psyWUUkI-aw,80075,2415,232,87,0,1,0
PT9M36S,6/23/2015,UJQkqV2zGv0,https://i.ytimg.com/vi/UJQkqV2zGv0/maxresdefault.jpg,Intervals and interval notation | Functions | Algebra I | Khan Academy,https://www.youtube.com/embed/UJQkqV2zGv0,699897,2569,154,88,0,23,0
PT14M13S,11/5/2009,HpdMJaKaXXc,https://i.ytimg.com/vi/HpdMJaKaXXc/maxresdefault.jpg,"Introduction to ratios | Ratios, proportions, units, and rates | Pre-Algebra | Khan Academy",https://www.youtube.com/embed/HpdMJaKaXXc,1903500,8548,62,89,0,2,0
PT21M59S,10/16/2017,OG045QBuUrg,https://www.youtube.com/embed/OG045QBuUrg,Problem solving Venn Diagrams- 3 sets HL,https://www.youtube.com/embed/OG045QBuUrg,385355,6532,36,91,0,1,0
PT3M40S,12/17/2014,8innwDI1bv8,https://i.ytimg.com/vi/8innwDI1bv8/maxresdefault.jpg,What is a Universal Set? | Don't Memorise,https://www.youtube.com/embed/8innwDI1bv8,234114,2589,521,92,0,2,0
PT8M54S,11/16/2012,h8EYEJ32oQ8,https://i.ytimg.com/vi/h8EYEJ32oQ8/maxresdefault.jpg,"Statistics intro: Mean, median, and mode | Data and statistics | 6th grade | Khan Academy",https://www.youtube.com/embed/h8EYEJ32oQ8,2277947,6548,452,93,0,3,0
PT5M7S,2/12/2015,2oJldeE4JcU,https://i.ytimg.com/vi/2oJldeE4JcU/maxresdefault.jpg,Thinking about shapes of distributions | Data and statistics | 6th grade | Khan Academy,https://www.youtube.com/embed/2oJldeE4JcU,378171,5214,325,95,0,5,0
PT5M54S,12/23/2013,cLP7INqs3JM,https://i.ytimg.com/vi/cLP7INqs3JM/maxresdefault.jpg,Introduction to rational and irrational numbers | Algebra I | Khan Academy,https://www.youtube.com/embed/cLP7INqs3JM,1664245,6985,152,96,0,4,0
PT6M15S,3/12/2013,2B4EBvVvf9w,https://i.ytimg.com/vi/2B4EBvVvf9w/maxresdefault.jpg,Relative complement or difference between sets | Probability and Statistics | Khan Academy,https://www.youtube.com/embed/2B4EBvVvf9w,274311,6325,3214,94,0,8,0
PT7M29S,2/8/2019,05Z_dudVav0,https://i.ytimg.com/vi/05Z_dudVav0/maxresdefault.jpg,Introduction to Sets for Roster Method & Set Builder Form | Algebra |  Math | Letstute,https://www.youtube.com/embed/05Z_dudVav0,307620,2321,12,89,0,9,0
PT2M18S,12/17/2014,l3-A0O42Lyo,https://i.ytimg.com/vi/l3-A0O42Lyo/maxresdefault.jpg,What are Sets? | Set Theory | Don't Memorise,https://www.youtube.com/embed/l3-A0O42Lyo,356712,1124,320,88,0,6,0
PT8M11S,7/2/2018,VBzlvKP-2yI,https://i.ytimg.com/vi/VBzlvKP-2yI/maxresdefault.jpg,Types of sets,https://www.youtube.com/embed/VBzlvKP-2yI,485182,2563,125,79,0,5,0
PT11M49S,2/7/2018,xZELQc11ACY,https://i.ytimg.com/vi/xZELQc11ACY/maxresdefault.jpg,"Intersection of Sets, Union of Sets and Venn Diagrams",https://www.youtube.com/embed/xZELQc11ACY,685596,2485,23,98,0,4,0
PT17M49S,5/17/2020,8dup8yGwBhM,https://i.ytimg.com/vi/8dup8yGwBhM/maxresdefault.jpg,Types of Sets Grade 6,https://i.ytimg.com/vi/8dup8yGwBhM/maxresdefault.jpg,7954,250,61,89,70,7,0
PT9M40S,4/16/2012,dAgfnK528RA,https://i.ytimg.com/vi/dAgfnK528RA/maxresdefault.jpg,Math Antics - Order Of Operations,https://www.youtube.com/embed/dAgfnK528RA,539557,6542,20,0,74,5,95
PT9M26S,3/22/2016,T5Qf0qSSJFI,https://i.ytimg.com/vi/T5Qf0qSSJFI/maxresdefault.jpg,Math Antics - Place Value,https://www.youtube.com/embed/T5Qf0qSSJFI,2192881,1698,152,0,75,2,98
PT8M14S,11/10/2017,LERb-94P8po,https://i.ytimg.com/vi/LERb-94P8po/maxresdefault.jpg,Simple Math Tricks You Weren\u2019t Taught at School,https://www.youtube.com/embed/LERb-94P8po,6216570,9512,235,0,78,1,96
PT13M53S,3/16/2021,vV7C7bXm4VI,https://i.ytimg.com/vi/vV7C7bXm4VI/maxresdefault.,Math Antics - Number Patterns,https://www.youtube.com/embed/vV7C7bXm4VI,195260,852,235,0,74,2,95
PT15M42S,5/2/2020,YQnczP8cl_I,https://i.ytimg.com/vi/YQnczP8cl_I/maxresdefault.jpg,Introduction of SET | Chapter 1 | Class 6 | Math Study Nepal,,25969,369,253,0,75,11,98
PT10M59S,1/24/2021,YrvtO7nmBVk,https://i.ytimg.com/vi/YrvtO7nmBVk/maxresdefault.jpg,Class 6 - Mathematics - Chapter 1 - Lecture 1 Introduction to sets - Allied Schools,https://www.youtube.com/embed/YrvtO7nmBVk,15633,852,25,0,2,14,85
PT11M4S,3/3/2017,B1HEzNTGeZ4,https://i.ytimg.com/vi/B1HEzNTGeZ4/maxresdefault.jpg,"Math Antics - Mean, Median and Mode",https://www.youtube.com/embed/B1HEzNTGeZ4,3265951,2148,235,0,5,12,85
PT14M6S,10/27/2019,RY2wQY70TeY,https://i.ytimg.com/vi/RY2wQY70TeY/maxresdefault.jpg,26 FAST MATHS TRICKS YOU MUST KNOW,https://www.youtube.com/embed/RY2wQY70TeY,8495500,522,625,0,65,15,85
PT12M7S,5/22/2015,NybHckSEQBI,https://i.ytimg.com/vi/NybHckSEQBI/maxresdefault.jpg,Algebra Basics: What Is Algebra? - Math Antics,https://www.youtube.com/embed/NybHckSEQBI,4929920,586,56,0,85,52,84
PT57M53S,10/10/2019,lv6dC0coQeI,https://i.ytimg.com/vi/lv6dC0coQeI/maxresdefault.jpg,"Earth Science for Kids - Solar System, Weather, Fossils, Volcanoes & More - Rock 'N Learn",https://www.youtube.com/embed/lv6dC0coQeI,1567840,214,256,0,74,42,84
PT8M53S,10/30/2012,JeVSmq1Nrpw,https://i.ytimg.com/vi/JeVSmq1Nrpw/maxresdefault.jpg,Math Antics - What Are Percentages?,https://www.youtube.com/embed/JeVSmq1Nrpw,6515983,8596,666,0,75,53,85
PT3M40S,12/17/2014,8innwDI1bv8,https://i.ytimg.com/vi/8innwDI1bv8/maxresdefault.jpg,What is a Universal Set? | Don't Memorise,https://www.youtube.com/embed/8innwDI1bv8,234131,236,66,0,78,56,85
PT10M9S,2/11/2021,fw1kyM0F00Y,https://i.ytimg.com/vi/fw1kyM0F00Y/maxresdefault.jpg,INTRODUCTION TO INTEGERS | GRADE 6,https://www.youtube.com/embed/fw1kyM0F00Y,41989,523,6,0,79,85,86
PT18M2S,2/10/2016,RnR57m46c8U,https://i.ytimg.com/vi/RnR57m46c8U/hqdefault.jpg,6th Grade Math Assessment Practice Day 1,https://www.youtube.com/embed/RnR57m46c8U,487138,542,35,0,76,15,80
PT7M29S,2/10/2014,AAY1bsazcgM,https://i.ytimg.com/vi/AAY1bsazcgM/maxresdefault.jpg,Math Antics - Perimeter,https://www.youtube.com/embed/AAY1bsazcgM,2500390,542,25,0,72,24,80
PT20M45S,3/5/2018,s06Os761dU,https://i.ytimg.com/vi/-s06Os761dU/maxresdefault.jpg,Finding LCM using prime factorisation,,761262,663,11,0,73,56,80
PT16M38S,7/11/2017,tyDKR4FG3Yw,https://i.ytimg.com/vi/tyDKR4FG3Yw/maxresdefault.jpg,INTRODUCTION to SET THEORY - DISCRETE MATHEMATICS,https://www.youtube.com/embed/tyDKR4FG3Yw,1257186,225,74,0,71,23,80
PT47M1S,5/28/2020,AWT1e5U5bcw,https://i.ytimg.com/vi/AWT1e5U5bcw/maxresdefault.jpg,Sets in Sinhala | kulaka | \u0d9a\u0dd4\u0dbd\u0d9a | O/L & Grade 10-11 maths | Questions with theory | Siyomaths \ud83c\uddf1\ud83c\uddf0,https://www.youtube.com/embed/AWT1e5U5bcw,410222,995,65,0,74,55,80
PT9M14S,1/13/2018,qc8LHRMs6FQ,https://i.ytimg.com/vi/qc8LHRMs6FQ/maxresdefault.jpg,Learning Factors | Mathematics Grade 4 | Periwinkle,https://www.youtube.com/embed/qc8LHRMs6FQ,753345,663,32,0,75,14,80
PT7M29S,2/8/2019,05Z_dudVav0,https://i.ytimg.com/vi/05Z_dudVav0/maxresdefault.jpg,Introduction to Sets for Roster Method & Set Builder Form | Algebra |  Math | Letstute,https://www.youtube.com/embed/05Z_dudVav0,307624,885,56,0,74,52,80
PT10M25S,2/21/2017,VoLZXXQL-YY,https://i.ytimg.com/vi/VoLZXXQL-YY/maxresdefault.jpg,9 Incredible Science Facts You Probably Didn't Learn At School,https://www.youtube.com/embed/VoLZXXQL-YY,27049205,3335,96,0,14,54,80
PT27M31S,4/4/2021,GUkkmML6PA8,https://i.ytimg.com/vi/GUkkmML6PA8/maxresdefault.jpg,Mathematics - Grade 5: Union and Intersection of Sets,https://www.youtube.com/embed/GUkkmML6PA8,838,22,12,0,75,22,80
PT17M49S,5/17/2020,8dup8yGwBhM,https://i.ytimg.com/vi/8dup8yGwBhM/maxresdefault.jpg,Types of Sets Grade 6,https://www.youtube.com/embed/8dup8yGwBhM,7954,336,32,0,6,42,80
PT8M11S,7/2/2018,VBzlvKP-2yI,https://i.ytimg.com/vi/VBzlvKP-2yI/maxresdefault.jpg,Types of sets,https://www.youtube.com/embed/VBzlvKP-2yI,485182,521,24,0,57,15,80
PT12M51S,11/1/2020,f2r_Qn3hii0,https://i.ytimg.com/vi/f2r_Qn3hii0/maxresdefault.jpg,Grade 6 Science Lesson Sinhala medium|Science Channel Bro,https://www.youtube.com/embed/f2r_Qn3hii0,3798,12,2,0,65,42,80
PT4M20S,11/13/2020,sgtKab2ynrY,https://i.ytimg.com/vi/sgtKab2ynrY/maxresdefault.jpg,,https://i.ytimg.com/vi/sgtKab2ynrY/maxresdefault.jpg,478594,5236,85,0,68,12,80
PT14M6S,10/27/2019,RY2wQY70TeY,https://i.ytimg.com/vi/RY2wQY70TeY/maxresdefault.jpg,26 FAST MATHS TRICKS YOU MUST KNOW,https://www.youtube.com/embed/RY2wQY70TeY,8495500,8456,12,0,64,11,85
PT11M49S,2/7/2018,xZELQc11ACY,https://i.ytimg.com/vi/xZELQc11ACY/maxresdefault.jpg,"Intersection of Sets, Union of Sets and Venn Diagrams",https://www.youtube.com/embed/xZELQc11ACY,685596,336,36,0,75,14,85
PT56M43S,8/7/2020,MEYWV5gguAQ,https://i.ytimg.com/vi/MEYWV5gguAQ/maxresdefault.jpg,Lesson 2. Sets | Maths Session for Grade 07,https://www.youtube.com/embed/MEYWV5gguAQ,16980,212,23,0,74,12,85
PT11M33S,12/5/2019,fjameOg-bcg,https://i.ytimg.com/vi/fjameOg-bcg/maxresdefault.jpg,Sets I | Class 6 | Maths | CBSE | ICSE | FREE Tutorial,https://www.youtube.com/embed/fjameOg-bcg,10376,458,25,0,78,15,85
PT14M33S,6/10/2016,EwY6p-r_hyU,https://i.ytimg.com/vi/EwY6p-r_hyU/maxresdefault.jpg,Gravity Compilation: Crash Course Kids,https://www.youtube.com/embed/EwY6p-r_hyU,1988959,5692,4,0,75,52,5
PT57M53S,10/10/2019,lv6dC0coQeI,https://i.ytimg.com/vi/lv6dC0coQeI/maxresdefault.jpg,"Earth Science for Kids - Solar System, Weather, Fossils, Volcanoes & More - Rock 'N Learn",https://www.youtube.com/embed/lv6dC0coQeI,1567840,6355,56,0,10,42,5
PT8M55S,3/18/2020,dJBYjD4TwKU,https://i.ytimg.com/vi/dJBYjD4TwKU/maxresdefault.jpg,DIY Maths Squares Machine - Maths Working Model | Easy Maths Project For Exhibition | Maths Model,https://www.youtube.com/embed/dJBYjD4TwKU,778731,845,56,0,12,53,5
PT4M5S,10/21/2019,4YSf82XB8ts,https://i.ytimg.com/vi/4YSf82XB8ts/maxresdefault.jpg,Magic with numbers | Number tricks | Smart Learning Tube,https://www.youtube.com/embed/4YSf82XB8ts,1948391,5589,25,0,13,56,5
PT2M18S,12/17/2014,l3-A0O42Lyo,https://i.ytimg.com/vi/l3-A0O42Lyo/maxresdefault.jpg,What are Sets? | Set Theory | Don't Memorise,https://www.youtube.com/embed/l3-A0O42Lyo,356712,567,65,0,12,85,5
PT36M57S,8/20/2020,4qU3rVQZeXY,https://i.ytimg.com/vi/4qU3rVQZeXY/maxresdefault.jpg,Types Of Sets Introduction | ICSE Mathematics | Vedantu Class 6 - 8 | Young Wonders | Priya Ma'am,https://www.youtube.com/embed/4qU3rVQZeXY,17784,103,48,0,14,15,5
PT47M1S,5/28/2020,AWT1e5U5bcw,https://i.ytimg.com/vi/AWT1e5U5bcw/maxresdefault.jpg,Sets in Sinhala | kulaka | \u0d9a\u0dd4\u0dbd\u0d9a | O/L & Grade 10-11 maths | Questions with theory | Siyomaths \ud83c\uddf1\ud83c\uddf0,https://www.youtube.com/embed/AWT1e5U5bcw,410222,5416,59,0,15,24,5
PT14M43S,3/28/2018,fLMN0wtiz-4,https://i.ytimg.com/vi/fLMN0wtiz-4/maxresdefault.jpg,"Sets: Union, Intersection, Complement",https://www.youtube.com/embed/fLMN0wtiz-4,310914,156,2,0,10,56,5
PT22M34S,4/8/2020,chn2aypMtSg,https://i.ytimg.com/vi/chn2aypMtSg/maxresdefault.jpg,Grade 6 maths sinhala 6 \u0dc0\u0dc3\u0dbb \u0daf\u0dd9\u0dc0\u0db1 \u0dc0\u0dcf\u0dbb\u0dba \u0db4\u0dc5\u0db8\u0dd4 \u0db4\u0dcf\u0da9\u0db8  mathematics sinhala ganithaya 6 wasara,https://www.youtube.com/embed/chn2aypMtSg,47140,314,35,0,0,23,0
PT26M18S,12/19/2018,GY6Q2f2kvY0,https://i.ytimg.com/vi/GY6Q2f2kvY0/maxresdefault.jpg,"06 - What is a Function in Math? (Learn Function Definition, Domain & Range in Algebra)",https://www.youtube.com/embed/GY6Q2f2kvY0,795691,745,63,0,1,55,1
PT18M2S,2/10/2016,RnR57m46c8U,https://i.ytimg.com/vi/RnR57m46c8U/hqdefault.jpg,6th Grade Math Assessment Practice Day 1,https://www.youtube.com/embed/RnR57m46c8U,487138,262,54,0,1,14,5
PT22M43S,4/16/2019,LUM_XbgsByY,https://i.ytimg.com/vi/LUM_XbgsByY/hqdefault.jpg,"Sets Exercise 1.3 (Q1, Q2) class 11 Maths Ncert",https://www.youtube.com/embed/LUM_XbgsByY,428876,985,25,0,2,52,5
PT45M13S,8/8/2018,h_lBICtlafI,https://i.ytimg.com/vi/h_lBICtlafI/maxresdefault.jpg,"Understanding Elementary Shapes\"" Chapter 5 - Introduction - Class 6th Maths",https://www.youtube.com/embed/h_lBICtlafI,734136,657,32,0,5,54,0
PT56M43S,8/7/2020,MEYWV5gguAQ,https://i.ytimg.com/vi/MEYWV5gguAQ/maxresdefault.jpg,Lesson 2. Sets | Maths Session for Grade 07,https://www.youtube.com/embed/MEYWV5gguAQ,17245,956,65,0,4,22,5
PT8M14S,11/10/2017,LERb-94P8po,https://i.ytimg.com/vi/LERb-94P8po/maxresdefault.jpg,Simple Math Tricks You Weren\u2019t Taught at School,https://www.youtube.com/embed/LERb-94P8po,6239262,254,15,0,6,42,5
PT18M32S,10/14/2020,OR7anlalX_g,https://i.ytimg.com/vi/OR7anlalX_g/hqdefault.jp,GRADE 7 MATHEMATICS || PROBLEMS INVOLVING SETS,https://www.youtube.com/embed/OR7anlalX_,2789,859,23,0,2,15,5
PT18M19S,6/24/2020,4h89z3tSx08,https://i.ytimg.com/vi/4h89z3tSx08/maxresdefault.jpg,Science | Grade 7 Science 11th Lesson ,https://www.youtube.com/embed/4h89z3tSx08,25228,658,52,0,3,42,5
PT11M49S,2/7/2018,xZELQc11ACY,https://i.ytimg.com/vi/xZELQc11ACY/maxresdefault.jpg,"Intersection of Sets, Union of Sets and Venn Diagrams",https://www.youtube.com/embed/xZELQc11ACY,692244,745,66,0,1,12,51
PT5M34S,5/11/2020,"""_CG4Ut-kc2w",https://i.ytimg.com/vi/_CG4Ut-kc2w/maxresdefault.jpg,Grade 7 Math: Introduction to Sets,https://www.youtube.com/embed/_CG4Ut-kc2w,119414,258,33,0,45,75,10
PT7M29S,2/8/2019,05Z_dudVav0,https://i.ytimg.com/vi/05Z_dudVav0/maxresdefault.jpg,Introduction to Sets for Roster Method & Set Builder Form | Algebra |  Math | Letstute,https://www.youtube.com/embed/05Z_dudVav0,311679,985,14,0,21,78,10
PT20M30S,7/3/2020,wgSuFpp_bqU,https://i.ytimg.com/vi/wgSuFpp_bqU/maxresdefault.jpg,Grade 7 Science Unit 8 | Earth ,https://www.youtube.com/embed/wgSuFpp_bqU,46256,753,52,0,1,77,10
PT26M14S,6/28/2020,kAfjLFaaNlw,https://i.ytimg.com/vi/kAfjLFaaNlw/maxresdefault.jpg,INTRODUCTION TO SETS || GRADE 7 MATHEMATICS Q1,https://www.youtube.com/embed/kAfjLFaaNlw,306974,562,325,0,52,77,10
PT4M20S,11/13/2020,sgtKab2ynrY,https://i.ytimg.com/vi/sgtKab2ynrY/maxresdefault.jpg,7 Effective Tips & Tricks In 1 Video | Mathematics study tips | Super Tips to Score 100% in Maths,,491005,456,20,0,65,78,10
PT30M23S,7/25/2020,BU16uMw7jnk,https://i.ytimg.com/vi/BU16uMw7jnk/maxresdefault.jpg,Grade 7 Science Unit 9 | Light | \u0d86\u0dbd\u0ddd\u0d9a\u0dba,https://www.youtube.com/embed/BU16uMw7jnk,36377,231,12,0,23,79,10
PT57M53S,10/10/2019,lv6dC0coQeI,https://i.ytimg.com/vi/lv6dC0coQeI/maxresdefault.jpg,"Earth Science for Kids - Solar System, Weather, Fossils, Volcanoes & More - Rock 'N Learn",https://www.youtube.com/embed/lv6dC0coQeI,1592275,756,32,0,42,75,1
PT1M26S,6/19/2019,fes92vSBTg4,https://i.ytimg.com/vi/fes92vSBTg4/maxresdefault.jpg,Sets Basics - Introduction | Don't Memorise,https://www.youtube.com/embed/fes92vSBTg4,91097,235,52,0,51,84,1
PT84M9S,6/10/2020,hOPBurxeFuI,https://i.ytimg.com/vi/hOPBurxeFuI/maxresdefault.jpg,| Sets - 07,https://www.youtube.com/embed/hOPBurxeFuI,11614,253,32,0,20,85,10
PT230M37S,6/10/2020,qBIDz8VdtgA,https://i.ytimg.com/vi/qBIDz8VdtgA/maxresdefault.jpg,Factors and Multiples - 07,https://www.youtube.com/embed/qBIDz8VdtgA,14312,956,6,0,1,86,10
PT21M1S,10/4/2020,BjJEq2RX2ac,https://i.ytimg.com/vi/BjJEq2RX2ac/hqdefault.jpg,Grade 7 Math Q1 Ep1: Sets,https://www.youtube.com/embed/BjJEq2RX2ac,24126,548,5,0,2,82,10
PT22M35S,4/27/2020,kwB80l85sIg,https://i.ytimg.com/vi/kwB80l85sIg/maxresdefault.jpg,Grade 7 maths lessons sinhala lesson 2,https://www.youtube.com/embed/kwB80l85sIg,24386,236,52,0,3,84,10
PT18M31S,6/5/2020,H7pnuPLLHHI,https://i.ytimg.com/vi/H7pnuPLLHHI/maxresdefault.jpg,Grade 7 Science Unit 5 | Acids and Bases ,https://www.youtube.com/embed/H7pnuPLLHHI,56348,952,152,0,1,85,10
PT3M42S,1/24/2021,fKhMPlheUoc,https://i.ytimg.com/vi/fKhMPlheUoc/maxresdefault.jpg,FASTEST WAY TO COVER THE SYLLABUS | 5 STUDY STRATEGIES | HOW TO STUDY IN EXAM TIME | MOTIVATION,https://i.ytimg.com/vi/fKhMPlheUoc/maxresdefault.jpg,986245,653,23,0,1,86,10
PT8M50S,3/14/2020,aAOlr3RGyZQ,https://i.ytimg.com/vi/aAOlr3RGyZQ/hqdefault.jpg,Set Theory - Union Intersection Complement Subset - Class 7 & 8 Math,https://www.youtube.com/embed/aAOlr3RGyZQ,3940,65,63,0,14,87,10
PT10M25S,2/21/2017,VoLZXXQL-YY,https://i.ytimg.com/vi/VoLZXXQL-YY/maxresdefault.jpg,9 Incredible Science Facts You Probably Didn't Learn At School,https://www.youtube.com/embed/VoLZXXQL-YY,27077415,5852,325,0,15,89,10
PT8M11S,7/2/2018,VBzlvKP-2yI,https://i.ytimg.com/vi/VBzlvKP-2yI/maxresdefault.jpg,Types of sets,https://www.youtube.com/embed/VBzlvKP-2yI,490493,2455,44,0,12,85,10
PT9M36S,11/1/2020,mL09dnMxrsk,https://i.ytimg.com/vi/mL09dnMxrsk/maxresdefault.jpg,5 TIPS TO STUDY WELL IN TAMIL|How to Study for Exams in tamil|SMART STUDY METHODS|almost everything,,542776,658,55,0,13,85,10
PT56M43S,8/7/2020,MEYWV5gguAQ,https://i.ytimg.com/vi/MEYWV5gguAQ/maxresdefault.jpg,Lesson 2. Sets | Maths Session for Grade 07,https://www.youtube.com/embed/MEYWV5gguAQ,17251,355,6,0,32,87,5
PT7M29S,2/8/2019,05Z_dudVav0,https://i.ytimg.com/vi/05Z_dudVav0/maxresdefault.jpg,Introduction to Sets for Roster Method & Set Builder Form | Algebra |  Math | Letstute,https://www.youtube.com/embed/05Z_dudVav0,311676,654,99,0,12,85,10
PT4M32S,12/2/2017,6TDsT0enyxs,https://i.ytimg.com/vi/6TDsT0enyxs/maxresdefault.jpg,Circle And Its Construction | Mathematics Grade 5 | Periwinkle,https://www.youtube.com/embed/6TDsT0enyxs,131290,952,88,0,1,84,10
PT5M43S,5/1/2020,https://i.ytimg.com/vi/lzXv84rO9JI/maxresdefault.jpg,https://i.ytimg.com/vi/lzXv84rO9JI/maxresdefault.jpg,Highest Common Factor (HCF) | Mathematics Grade 4 | Periwinkle,https://www.youtube.com/embed/lzXv84rO9JI,291544,658,88,0,1,86,15
PT4M39S,5/1/2020,qKV_TiZqaMY,https://i.ytimg.com/vi/qKV_TiZqaMY/maxresdefault.jpg,Multiples | Mathematics Grade 4 | Periwinkle,https://www.youtube.com/embed/qKV_TiZqaMY,223315,254,44,0,75,85,15
PT3M49S,4/17/2019,yEbc2uySYAQ,https://i.ytimg.com/vi/yEbc2uySYAQ/maxresdefault.jpg,Cubes Of Numbers | Mathematics Grade 5 | Periwinkle,https://www.youtube.com/embed/yEbc2uySYAQ,25599,698,55,0,10,85,15
PT4M41S,10/27/2018,69lzkfvFUqQ,https://i.ytimg.com/vi/69lzkfvFUqQ/maxresdefault.jpg,"Simple Tenses - Present, Past and Future | English Grammar & Composition Grade 4 | Periwinkl",https://www.youtube.com/embed/69lzkfvFU,373965,522,66,0,12,85,15
PT9M17S,6/9/2017,Ts5nn5EQKF4,https://i.ytimg.com/vi/Ts5nn5EQKF4/maxresdefault.jpg,Number Systems | Mathematics Grade 5 | Periwinkle,https://www.youtube.com/embed/Ts5nn5EQKF4,254899,666,33,0,1,85,15
PT6M18S,11/27/2017,CqrYYiffPr0,https://i.ytimg.com/vi/CqrYYiffPr0/maxresdefault.jpg,Rules Of Divisibility | Mathematics Grade 4 | Periwinkle,https://www.youtube.com/embed/CqrYYiffPr0,612098,66,22,0,41,85,15
PT5M58S,5/3/2020,dD8JsS-TchA,https://i.ytimg.com/vi/dD8JsS-TchA/maxresdefault.jpg,Ratio | Mathematics Grade 5 | Periwinkle,https://www.youtube.com/embed/dD8JsS-TchA,126157,666,55,0,20,11,15
PT3M43S,1/22/2019,h0l79qp2p_s,https://i.ytimg.com/vi/h0l79qp2p_s/maxresdefault.jpg,Direct And Indirect Objects | English Grammar & Composition Grade 5 | Periwinkle,https://www.youtube.com/embed/h0l79qp2p_s,247868,9885,88,0,12,12,1
PT6M17S,8/24/2015,9hZkk73nJ_Y,https://i.ytimg.com/vi/9hZkk73nJ_Y/maxresdefault.jpg,Introduction to Fractions | #aumsum #kids #science #education #children,https://www.youtube.com/embed/9hZkk73nJ_Y,2475108,555,44,0,2,13,51
PT5M37S,5/4/2013,Q8B7dKfUDjc,https://i.ytimg.com/vi/Q8B7dKfUDjc/maxresdefault.jpg,,https://www.youtube.com/embed/Q8B7dKfUD,4427907,572,11,0,12,13,10
PT5M52S,6/4/2015,gT0HFbA1Mow,https://i.ytimg.com/vi/gT0HFbA1Mow/maxresdefault.jpg,Basic Division | #aumsum #kids #science #education #children,https://www.youtube.com/embed/gT0HFbA1Mow,1510316,665,22,0,12,13,10
PT2M18S,1/16/2019,Hwr4gEHepOo,https://i.ytimg.com/vi/Hwr4gEHepOo/maxresdefault.jpg,Ones & Tens | Mathematics Grade 1 | Periwinkle,https://www.youtube.com/embed/Hwr4gEHepOo,579875,325,77,0,11,13,10
PT3M33S,4/29/2020,41eVMYPCWTQ,https://i.ytimg.com/vi/41eVMYPCWTQ/maxresdefault.jpg,Prime and Composite Numbers | Mathematics Grade 4 | Periwinkle,https://www.youtube.com/embed/41eVMYPCWTQ,412001,951,55,0,11,12,1
PT3M10S,4/26/2020,XMpAJMyeQy0,https://i.ytimg.com/vi/XMpAJMyeQy0/hqdefault.jpg,Equal Parts of a Whole | Mathematics Grade 3 | Periwinkle,https://www.youtube.com/embed/XMpAJMyeQy0,23180,532,66,0,22,12,10
PT23M23S,12/28/2017,JI7ODKfkDNk,https://i.ytimg.com/vi/JI7ODKfkDNk/maxresdefault.jpg,Best English Stories Compilation For Kids | 17 Short Moral Stories Collection | Periwinkle,https://www.youtube.com/embed/JI7ODKfkDNk,127078,658,33,0,11,14,10
PT7M34S,2/15/2019,3i2i9nmkG24,https://i.ytimg.com/vi/3i2i9nmkG24/maxresdefault.jpg,Introduction To Negative Numbers |  Maths Concept For Kids | Maths Grade 5 | Periwinkle,https://www.youtube.com/embed/3i2i9nmkG24,78436,554,33,0,11,15,10
PT2M52S,1/12/2018,zijGfIzT5Ss,https://i.ytimg.com/vi/zijGfIzT5Ss/maxresdefault.,Collective Nouns | English Grammar & Composition Grade 3 | Periwinkle,https://www.youtube.com/embed/zijGfIzT5Ss,1073703,652,25,0,11,15,10
PT8M17S,5/17/2020,88abzPu_57s,https://i.ytimg.com/vi/88abzPu_57s/maxresdefault.jpg,Our Solar System and The Universe | Science for Kids | Grade 3 | Periwinkle,https://www.youtube.com/embed/88abzPu_57s,31396,355,36,0,11,15,10
PT16M13S,12/5/2019,u3HANGB47pA,https://i.ytimg.com/vi/u3HANGB47pA/maxresdefault.jpg,egers | Class 7 | Maths| CBSE | ICSE | FREE Tutori,https://www.youtube.com/embed/u3HANGB47pA,116361,216,1,0,12,15,10
PT4M16S,6/12/2017,jKo_NrYcAaA,https://i.ytimg.com/vi/jKo_NrYcAaA/maxresdefault.jpg,International Number System | Mathematics Grade 4 | Periwinkle,https://www.youtube.com/embed/jKo_NrYcAaA,778433,355,44,0,1,15,10
