VideoDuration,VideoDatePublished,VideoID,VideoImage,VideoTitle,VideoUrl,VideoViews,Like,Unlike,Khan Style%,Animation%  ,Talking Head%                 ,Whiteboard%
PT2M57S,5/11/2018,P6Q9bcmJYys,https://i.ytimg.com/vi/P6Q9bcmJYys/maxresdefault.jpg,Intro to whole numbers | Class 6 (India) | Math | Khan Academy,https://www.youtube.com/embed/P6Q9bcmJYys,8786,586,85,80,0,1,0
PT182M17S,8/17/2020,oY4EgyY12-s,https://i.ytimg.com/vi/oY4EgyY12-s/maxresdefault.jpg,Lesson 3. Mathematical Operations on Whole Numbers | Maths Session for Grade 06,https://www.youtube.com/embed/oY4EgyY12-s,19670,635,63,85,0,12,0
PT2M54S,9/11/2015,HiNrFT280_Y,https://i.ytimg.com/vi/HiNrFT280_Y/maxresdefault.jpg,Multiplying fractions and whole numbers: two approaches | Fractions | 5th grade | Khan Academy,https://www.youtube.com/embed/HiNrFT280_Y,235032,958,59,86,0,21,0
PT7M29S,2/17/2020,HAhg0uXn9GA,https://i.ytimg.com/vi/HAhg0uXn9GA/maxresdefault.jpg,"Whole Number Operations | Adding, Subtracting, Multiplying, and Dividing",https://www.youtube.com/embed/HAhg0uXn9GA,35038,654,57,84,0,10,0
PT13M56S,6/1/2018,N66KAyP7Zb0,https://i.ytimg.com/vi/N66KAyP7Zb0/maxresdefault.jpg,Properties of Whole Numbers class-6,https://www.youtube.com/embed/N66KAyP7Zb0,166046,325,52,87,0,11,0
PT9M40S,5/26/2010,ClYdw4d4OmA,https://i.ytimg.com/vi/ClYdw4d4OmA/maxresdefault.jpg,Introduction to order of operations | Arithmetic properties | Pre-Algebra | Khan Academy,https://www.youtube.com/embed/ClYdw4d4OmA,2275046,9985,445,85,0,10,0
PT6M27S,6/22/2020,mqPqfR6UgqM,https://i.ytimg.com/vi/mqPqfR6UgqM/maxresdefault.jpg,Properties of Whole Numbers - Part 1 | Don't Memorise,https://www.youtube.com/embed/mqPqfR6UgqM,53654,658,21,95,0,12,0
PT8M49S,4/28/2015,QHff5pRdM8,https://i.ytimg.com/vi/-QHff5pRdM8/maxresdefault.jpg,How to classify numbers | Numbers and operations | 8th grade | Khan Academy,https://www.youtube.com/embed/-QHff5pRdM8,419783,458,52,96,0,11,0
PT4M6S,9/11/2015,XaJQse2u5TQ,https://i.ytimg.com/vi/XaJQse2u5TQ/maxresdefault.jpg,Conceptual understanding of multiplying fractions and whole numbers | Khan Academy,https://www.youtube.com/embed/XaJQse2u5TQ,451651,268,22,85,0,11,0
PT4M6S,7/28/2020,tsOibhsgYoQ,https://i.ytimg.com/vi/tsOibhsgYoQ/maxresdefault.jpg,Multiply a Whole Number by a Decimal | Math with Mr. J,https://www.youtube.com/embed/tsOibhsgYoQ,233926,953,10,86,0,0,0
PT6M17S,11/24/2010,aqsIWLqlDhE,https://i.ytimg.com/vi/aqsIWLqlDhE/maxresdefault.jpg,Number sets 1 | Fractions | Pre-Algebra | Khan Academy,https://www.youtube.com/embed/aqsIWLqlDhE,173017,958,23,87,0,1,0
PT5M20S,5/26/2010,piIcRV2dx7E,https://i.ytimg.com/vi/piIcRV2dx7E/maxresdefault.jpg,Order of operations: PEMDAS | Arithmetic properties | Pre-Algebra | Khan Academy,https://www.youtube.com/embed/piIcRV2dx7E,965881,458,5,88,0,23,0
PT3M53S,11/19/2017,1YWyTdtofdE,https://i.ytimg.com/vi/1YWyTdtofdE/maxresdefault.jpg,Visually dividing a fraction by a whole number,https://www.youtube.com/embed/1YWyTdtofdE,173332,256,12,89,0,2,0
PT5M15S,8/2/2010,4yp5v64XuRc,https://i.ytimg.com/vi/4yp5v64XuRc/maxresdefault.jpg,Dividing Whole Numbers and Applications 4,https://www.youtube.com/embed/4yp5v64XuRc,65018,210,10,91,0,1,0
PT3M50S,12/27/2013,STyoP3rCmb0,https://i.ytimg.com/vi/STyoP3rCmb0/maxresdefault.jpg,Introduction to multiplying decimals | Decimals | Pre-Algebra | Khan Academy,https://www.youtube.com/embed/STyoP3rCmb0,736540,750,23,92,0,2,0
PT3M28S,5/11/2018,x0tTvUyF3sM,https://i.ytimg.com/vi/x0tTvUyF3sM/maxresdefault.jpg,Intro to the number line | Class 6 (India) | Math | Khan Academ,https://www.youtube.com/embed/x0tTvUyF3sM,7824,100,10,93,0,3,0
PT5M54S,12/23/2013,cLP7INqs3JM,https://i.ytimg.com/vi/cLP7INqs3JM/maxresdefault.jpg,Introduction to rational and irrational numbers | Algebra I | Khan Academy,https://www.youtube.com/embed/cLP7INqs3JM,1664291,452,23,95,0,5,0
PT5M24S,4/28/2015,mbc3_e5lWw0,https://i.ytimg.com/vi/mbc3_e5lWw0/maxresdefault.jpg,Introduction to square roots | Numbers and operations | 8th grade | Khan Academy,https://www.youtube.com/embed/mbc3_e5lWw0,1014335,658,52,96,0,4,0
PT4M23S,8/19/2013,X3JqIZR1XcY,https://i.ytimg.com/vi/X3JqIZR1XcY/maxresdefault.jpg,Regrouping whole numbers | Arithmetic properties | Pre-Algebra | Khan Academy,https://www.youtube.com/embed/X3JqIZR1XcY,218121,423,12,94,0,8,0
PT6M26S,6/8/2015,BItpeFXC4vA,https://i.ytimg.com/vi/BItpeFXC4vA/maxresdefault.jpg,Introduction to decimals | Decimals | 4th grade | Khan Academy,https://www.youtube.com/embed/BItpeFXC4vA,882897,632,32,89,0,9,0
PT7M29S,2/17/2020,HAhg0uXn9GA,https://i.ytimg.com/vi/HAhg0uXn9GA/maxresdefault.jpg,"Whole Number Operations | Adding, Subtracting, Multiplying, and Dividing",https://www.youtube.com/embed/HAhg0uXn9GA,35039,213,54,88,0,6,0
PT9M40S,4/16/2012,STyoP3rCmb0,https://i.ytimg.com/vi/STyoP3rCmb0/maxresdefault.jpg,Introduction to multiplying decimals | Decimals | Pre-Algebra | Khan Academy,https://www.youtube.com/embed/STyoP3rCmb0,736540,632,62,79,0,5,0
PT9M40S,4/16/2012,dAgfnK528RA,https://i.ytimg.com/vi/dAgfnK528RA/maxresdefault.jpg,Math Antics - Order Of Operations,https://www.youtube.com/embed/dAgfnK528RA,5396588,999,12,98,0,4,0
PT6M27S,6/22/2020,mqPqfR6UgqM,https://i.ytimg.com/vi/mqPqfR6UgqM/maxresdefault.jpg,Properties of Whole Numbers - Part 1 | Don't Memorise,https://www.youtube.com/embed/mqPqfR6UgqM,53656,685,22,89,70,7,0
PT6M50S,12/5/2019,JUeZwIM5aVI,https://i.ytimg.com/vi/JUeZwIM5aVI/maxresdefault.jpg,Whole Numbers | Class 6 | Maths | CBSE | ICSE | FREE Tutorial,https://www.youtube.com/embed/JUeZwIM5aVI,41133,657,14,0,74,5,95
PT80M19S,8/7/2020,CdTUq5TTDEo,https://i.ytimg.com/vi/CdTUq5TTDEo/maxresdefault.jpg,Lesson 3. Operations on whole numbers | Maths Session for Grade 07,https://www.youtube.com/embed/CdTUq5TTDEo,16529,120,20,0,75,2,98
PT20M0S,8/7/2017,ujfMKyjL7dg,https://i.ytimg.com/vi/ujfMKyjL7dg/maxresdefault.jpg,Solving Word Problems Involving Operations | MathDali | Grade 4 Math,https://www.youtube.com/embed/ujfMKyjL7dg,119140,563,23,0,78,1,96
PT6M49S,10/16/2017,iczjmY53_4o,https://i.ytimg.com/vi/iczjmY53_4o/maxresdefault.jpg,Class 6 Maths - What are Whole Numbers? With Examples,https://www.youtube.com/embed/iczjmY53_4o,14699,245,21,0,74,2,95
PT6M42S,8/7/2020,Val4TmjHXRY,https://i.ytimg.com/vi/Val4TmjHXRY/maxresdefault.jpg,How to Divide a Decimal by a Decimal | Math with Mr. J,https://www.youtube.com/embed/Val4TmjHXRY,434191,752,42,0,75,11,98
PT10M30S,8/23/2014,USmit5zUGas,https://i.ytimg.com/vi/USmit5zUGas/hqdefault.jpg,Math Antics - Proportions,https://www.youtube.com/embed/USmit5zUGas,2024326,965,52,0,2,14,85
PT11M54S,4/29/2016,v-6MShC82ow,https://i.ytimg.com/vi/v-6MShC82ow/maxresdefault.jpg,Algebra Basics: The Distributive Property - Math Antics,https://www.youtube.com/embed/v-6MShC82ow,1941567,1025,32,0,5,12,85
PT10M41S,11/23/2015,fd-E18EqSVk,https://i.ytimg.com/vi/fd-E18EqSVk/maxresdefault.jpg,Math Antics - Rounding,https://www.youtube.com/embed/fd-E18EqSVk,2320500,2012,62,0,65,15,85
PT15M4S,7/31/2014,tfZKwMdTt2w,https://i.ytimg.com/vi/tfZKwMdTt2w/maxresdefault.jpg,Adding and Subtracting Mixed Numbers,https://www.youtube.com/embed/tfZKwMdTt2w,489780,568,12,0,85,52,84
PT14M6S,10/27/2019,RY2wQY70TeY,https://i.ytimg.com/vi/RY2wQY70TeY/maxresdefault.jpg,26 FAST MATHS TRICKS YOU MUST KNOW,https://www.youtube.com/embed/RY2wQY70TeY,8495552,2453,35,0,74,42,84
PT24M29S,6/5/2020,h-YNA6GAsHs,https://i.ytimg.com/vi/h-YNA6GAsHs/maxresdefault.jpg,"Whole Numbers, Unit 1, Mathematics Class 4th",https://www.youtube.com/embed/h-YNA6GAsHs,5069,214,6,0,75,53,85
PT10M6S,2/20/2016,VZ0jG3W53nE,https://i.ytimg.com/vi/VZ0jG3W53nE/maxresdefault.jpg,The Distributive Property In Arithmetic,https://www.youtube.com/embed/VZ0jG3W53nE,785647,520,25,0,78,56,85
PT1M48S,9/17/2015,ZzeDWFhYv3E,https://i.ytimg.com/vi/ZzeDWFhYv3E/maxresdefault.jpg,Order of Operations Song | PEMDAS Rap for 5th Grade,,1412136,4562,85,0,79,85,86
PT7M17S,1/6/2020,cARsEw-s8Fg,https://i.ytimg.com/vi/cARsEw-s8Fg/maxresdefault.jpg,Dividing Mixed Numbers | Step by Step | Math with Mr. J,https://www.youtube.com/embed/cARsEw-s8Fg,182363,241,63,0,76,15,80
PT12M12S,4/16/2018,jcetv-5QDww,https://i.ytimg.com/vi/jcetv-5QDww/maxresdefault.jpg,Multiplying Mixed Numbers and Whole Numbers,https://www.youtube.com/embed/jcetv-5QDww,413754,589,45,0,72,24,80
PT12M7S,5/22/2015,NybHckSEQBI,https://i.ytimg.com/vi/NybHckSEQBI/maxresdefault.jpg,Algebra Basics: What Is Algebra? - Math Antics,https://www.youtube.com/embed/T5Qf0qSSJFI,2192889,658,25,0,73,56,80
PT5M48S,2/14/2019,mlNHIzV4x8Y,https://i.ytimg.com/vi/mlNHIzV4x8Y/maxresdefault.jpg,Addition And Subtraction Of Integers | Mathematics Grade 5 | Periwinkle,https://www.youtube.com/embed/mlNHIzV4x8Y,203813,751,68,0,71,23,80
PT6M56S,10/21/2019,OdFXImly2-I,https://i.ytimg.com/vi/OdFXImly2-I/maxresdefault.jpg,Order of Operations | PEMDAS | 5th Grade Math (Part 1,https://www.youtube.com/embed/OdFXImly2-I,148292,245,6,0,74,55,80
PT6M18S,4/16/2012,0NvLtTwnUHs,https://i.ytimg.com/vi/0NvLtTwnUHs/maxresdefault.jpg,Math Antics - Factoring,https://www.youtube.com/embed/0NvLtTwnUHs,1519743,135,13,0,75,14,80
PT80M19S,8/7/2020,CdTUq5TTDEo,https://i.ytimg.com/vi/CdTUq5TTDEo/maxresdefault.jpg,Lesson 3. Operations on whole numbers | Maths Session for Grade 07,https://www.youtube.com/embed/CdTUq5TTDEo,16829,210,15,0,74,52,80
PT6M27S,6/22/2020,mqPqfR6UgqM,https://i.ytimg.com/vi/mqPqfR6UgqM/maxresdefault.jp,Properties of Whole Numbers - Part 1 | Don't Memorise,https://www.youtube.com/embed/mqPqfR6UgqM,55058,253,18,0,14,54,80
PT7M29S,2/17/2020,HAhg0uXn9GA,https://i.ytimg.com/vi/HAhg0uXn9GA/maxresdefault.jpg,"Whole Number Operations | Adding, Subtracting, Multiplying, and Dividing",https://www.youtube.com/embed/HAhg0uXn9GA,35991,546,52,0,75,22,80
PT6M46S,4/15/2019,k6G-MBQQ_co,https://i.ytimg.com/vi/k6G-MBQQ_co/maxresdefault.jpg,Rounding The Numbers | Mathematics Grade 5 | Periwinkle,https://www.youtube.com/embed/k6G-MBQQ_co,300962,852,70,0,6,42,80
PT6M50S,12/5/2019,JUeZwIM5aVI,https://i.ytimg.com/vi/JUeZwIM5aVI/maxresdefault.jpg,Whole Numbers | Class 6 | Maths | CBSE | ICSE | FREE Tutorial,https://www.youtube.com/embed/JUeZwIM5aVI,41856,63,14,0,57,15,80
PT3M12S,6/14/2017,S29LVPMKw48,https://i.ytimg.com/vi/S29LVPMKw48/maxresdefault.jpg,Place Value Of The Digits In A Number | Mathematics Grade 5 | Periwinkle,https://www.youtube.com/embed/S29LVPMKw48,1103040,759,82,0,65,42,80
PT4M19S,11/2/2017,HKjKhuVAVKs,https://i.ytimg.com/vi/HKjKhuVAVKs/maxresdefault.jpg,Order Of Operations - DMAS | Mathematics Grade 4 | Periwinkle,https://www.youtube.com/embed/HKjKhuVAVKs,111115,456,42,0,68,12,80
PT3M24S,5/2/2020,zIwF6xQ3L_c,https://i.ytimg.com/vi/zIwF6xQ3L_c/maxresdefault.jpg,Rounding Decimals | Mathematics Grade 5 | Periwinkle,,36729,325,16,0,64,11,85
PT3M33S,4/29/2020,41eVMYPCWTQ,https://i.ytimg.com/vi/41eVMYPCWTQ/maxresdefault.jpg,Prime and Composite Numbers | Mathematics Grade 4 | Periwinkle,https://www.youtube.com/embed/41eVMYPCWTQ,411935,684,19,0,75,14,85
PT9M17S,6/9/2017,Ts5nn5EQKF4,https://i.ytimg.com/vi/Ts5nn5EQKF4/maxresdefault.jpg,Number Systems | Mathematics Grade 5 | Periwinkle,https://www.youtube.com/embed/Ts5nn5EQKF4,254883,2145,13,0,74,12,85
PT7M34S,2/15/2019,3i2i9nmkG24,https://i.ytimg.com/vi/3i2i9nmkG24/maxresdefault.jpg,Introduction To Negative Numbers |  Maths Concept For Kids | Maths Grade 5 | Periwinkle,https://www.youtube.com/embed/3i2i9nmkG24,78428,658,21,0,78,15,85
PT5M14S,10/14/2019,Paza3CbdamI,https://i.ytimg.com/vi/Paza3CbdamI/hqdefault.jpg,Place Value And Face Value | Mathematics Grade 2 | Periwinkle,https://www.youtube.com/embed/Paza3CbdamI,572293,258,22,0,75,52,5
PT3M58S,1/16/2018,EVnrsoyfRFU,https://i.ytimg.com/vi/EVnrsoyfRFU/maxresdefault.jpg,"Place Value - Using Hundreds, Tens, and Ones",https://www.youtube.com/embed/EVnrsoyfRFU,410844,369,31,0,10,42,5
PT2M18S,1/16/2019,Hwr4gEHepOo,https://i.ytimg.com/vi/Hwr4gEHepOo/maxresdefault.jpg,Ones & Tens | Mathematics Grade 1 | Periwinkle,https://www.youtube.com/embed/Hwr4gEHepOo,579813,147,12,0,12,53,5
PT6M17S,8/24/2015,9hZkk73nJ_Y,https://i.ytimg.com/vi/9hZkk73nJ_Y/maxresdefault.jpg,Introduction to Fractions | #aumsum #kids #science #education #children,https://www.youtube.com/embed/9hZkk73nJ_Y,2475088,547,42,0,13,56,5
PT49M52S,10/15/2020,WF4aM0gmPas,https://i.ytimg.com/vi/WF4aM0gmPas/maxresdefault.jpg,Health and Physical Education Grade 7 | Let us build a healthy family environment | English Medium,https://www.youtube.com/embed/WF4aM0gmPas,13538,856,85,0,12,85,5
PT6M18S,11/27/2017,CqrYYiffPr0,https://i.ytimg.com/vi/CqrYYiffPr0/maxresdefault.jpg,Rules Of Divisibility | Mathematics Grade 4 | Periwinkle,https://www.youtube.com/embed/CqrYYiffPr0,612098,854,85,0,14,15,5
PT3M21S,4/6/2017,ftB5VU64yGA,https://i.ytimg.com/vi/ftB5VU64yGA/maxresdefault.jpg,Measure Length | Mathematics Grade 1 | Periwinkl,https://www.youtube.com/embed/ftB5VU64yGA,1012443,856,85,0,15,24,5
PT2M29S,12/18/2014,SQ4cB9yXkHM,https://i.ytimg.com/vi/SQ4cB9yXkHM/maxresdefault.jpg,What are Rational Numbers? | Number System Concept | Don't Memorise,https://www.youtube.com/embed/SQ4cB9yXkHM,1190733,214,25,0,10,56,5
PT6M2S,4/17/2019,r1HfqcyDP2s,https://i.ytimg.com/vi/r1HfqcyDP2s/maxresdefault.jpg,"Division Story Problems | Mathematics Grade 3 | Periwinkle"", ",https://www.youtube.com/embed/r1HfqcyDP2s,77240,563,65,0,0,23,0
PT9M14S,4/16/2019,Jd0Hzyc1SMk,https://i.ytimg.com/vi/Jd0Hzyc1SMk/maxresdefault.jpg,Roman Numerals | Mathematics Grade 5 | Periwinkle,https://www.youtube.com/embed/Jd0Hzyc1SM,714411,258,25,0,1,55,1
PT10M21S,6/11/2020,CCHweJEDCoA,https://i.ytimg.com/vi/CCHweJEDCoA/maxresdefault.jpg,Whole Numbers - Introduction | Class 6 Maths,https://www.youtube.com/embed/CCHweJEDCoA,67701,214,24,0,1,14,5
PT6M35S,4/3/2019,tER-YslAY-8,https://i.ytimg.com/vi/tER-YslAY-8/maxresdefault.jpg,Relationship Of Multiplication And Division | Mathematics Grade 3 | Periwinkle,https://www.youtube.com/embed/tER-YslAY-8,95943,579,54,0,2,52,5
PT4M47S,6/13/2017,GjGoqqGYRjo,https://i.ytimg.com/vi/GjGoqqGYRjo/maxresdefault.jpg,Expanded Notation of A Number | Mathematics Grade 4 | Periwinkle,https://www.youtube.com/embed/GjGoqqGYRjo,375397,654,85,0,5,54,0
PT80M19S,8/7/2020,CdTUq5TTDEo,https://i.ytimg.com/vi/CdTUq5TTDEo/maxresdefault.jpg,Lesson 3. Operations on whole numbers | Maths Session for Grade 07,https://www.youtube.com/embed/CdTUq5TTDEo,16829,245,23,0,4,22,5
PT16M40S,10/16/2019,tN9lN0hTLsY,https://i.ytimg.com/vi/tN9lN0hTLsY/maxresdefault.jpg,Whole Numbers | Ap&TS syllabus Class 6 Maths | Full lesson,https://www.youtube.com/embed/tN9lN0hTLsY,153055,986,96,0,6,42,5
PT14M29S,10/21/2017,CMhsdAE61Yg,https://i.ytimg.com/vi/CMhsdAE61Yg/maxresdefault.jpg,"Four operations Part - 1 | Add, Sub, Multiple & Division | 5th std Maths Syllabus | Mathematics",https://www.youtube.com/embed/CMhsdAE61Yg,43841,759,75,0,2,15,5
PT9M46S,10/26/2020,dSJEEOFaDz0,https://i.ytimg.com/vi/dSJEEOFaDz0/maxresdefault.jpg,Abacus Class - Introduction | Learn basics Abacus | Beginners Abacus Lesson 1,https://www.youtube.com/embed/dSJEEOFaDz0,61682,856,45,0,3,42,5
PT19M16S,10/20/2017,nRU6G1wy--Y,"https://i.ytimg.com/vi/nRU6G1wy--Y/maxresdefault.jpg""",Numbers & Place value - Part 2 | 5th std Maths Syllabus | Mathematics,https://www.youtube.com/embed/nRU6G1wy--Y,140512,245,2,0,1,12,51
PT9M26S,3/22/2016,T5Qf0qSSJFI,https://i.ytimg.com/vi/T5Qf0qSSJFI/maxresdefault.jpg,Math Antics - Place Value,https://www.youtube.com/embed/T5Qf0qSSJFI,2205073,654,56,0,45,75,10
PT18M8S,7/12/2018,Slw5SCy9P14,https://i.ytimg.com/vi/Slw5SCy9P14/maxresdefault.jpg,Rational Numbers,https://www.youtube.com/embed/Slw5SCy9P14,412484,258,3,0,21,78,10
PT5M14S,10/14/2019,Paza3CbdamI,https://i.ytimg.com/vi/Paza3CbdamI/hqdefault.jpg,ce Value And Face Value | Mathematics Grade 2 | Periwinkle,https://www.youtube.com/embed/Paza3CbdamI,572300,321,21,0,1,77,10
PT5M54S,2/5/2017,Y-c25-JBQOg,https://i.ytimg.com/vi/Y-c25-JBQOg/maxresdefault.jpg,"Addition of Length, Cm, Inches, Metres, Kms | Maths For Class 2 | Maths Basics For CBSE Children",https://www.youtube.com/embed/Y-c25-JBQOg,154429,147,52,0,52,77,10
PT25M55S,10/1/2016,wQeU4Wsjn4Y,ttps://i.ytimg.com/vi/wQeU4Wsjn4Y/maxresdefault.jpg,Vinculum | Subtractions | Speed Maths | Vedic Mathematics,https://www.youtube.com/embed/wQeU4Wsjn4Y,79811,582,24,0,65,78,10
PT33M11S,9/17/2018,Q0IFJAOEz8w,https://i.ytimg.com/vi/Q0IFJAOEz8w/maxresdefault.jpg,TN 9th STD Maths || Set Languages || Introduction  || New Syllabus -2018,https://www.youtube.com/embed/Q0IFJAOEz8w,258960,654,58,0,23,79,10
PT6M46S,4/15/2019,k6G-MBQQ_co,https://i.ytimg.com/vi/k6G-MBQQ_co/maxresdefault.jpg,Rounding The Numbers | Mathematics Grade 5 | Periwinkle,https://www.youtube.com/embed/k6G-MBQQ_co,301004,245,6,0,42,75,1
PT3M52S,8/2/2020,tFwNp3qIgMg,https://i.ytimg.com/vi/tFwNp3qIgMg/hqdefault.jpg,Abacus tutorial for beginners - Math and Addition- How to start with Abacus easy way |2.5 yr Toddler,https://www.youtube.com/embed/tFwNp3qIgMg,112889,214,58,0,51,84,1
PT8M52S,2/17/2019,dkHlxm1AfqY,https://i.ytimg.com/vi/dkHlxm1AfqY/maxresdefault.jpg,Operations on Decimal Numbers | Class 1 to 5 Mat,https://www.youtube.com/embed/dkHlxm1AfqY,18294,685,96,0,20,85,10
PT7M5S,3/22/2019,SX2NE0haQls,https://i.ytimg.com/vi/SX2NE0haQls/maxresdefault.jpg,Why Do We Fart? - The Dr. Binocs Show | Best Learning Videos For Kids | Peekaboo Kidz,https://www.youtube.com/embed/SX2NE0haQls,4947096,965,63,0,1,86,10
PT7M34S,7/20/2020,u8BEB_1GYoY,https://i.ytimg.com/vi/u8BEB_1GYoY/maxresdefault.jpg ,"Abacus Class 1||easy learning Abacus||learning Abacus in tamil||Free abacus class""",https://www.youtube.com/embed/u8BEB_1GYoY,14889,223,25,0,2,82,10
PT7M43S,1/13/2018,XqF0Z7n1KEM,https://i.ytimg.com/vi/XqF0Z7n1KEM/maxresdefault.jp,Unitary Method | Mathematics Grade 4 | Periwinkle,https://www.youtube.com/embed/XqF0Z7n1KEM,209169,666,85,0,3,84,10
PT5M9S,1/18/2017,qRA3L2glUxk,https://i.ytimg.com/vi/qRA3L2glUxk/maxresdefault.jp,Number Counting | Counting in Tens and Ones | Maths For Class 2 | Maths Basics For CBSE Children,https://www.youtube.com/embed/qRA3L2glUxk,869257,445,56,0,1,85,10
PT6M51S,5/2/2020,0IZyGB1qQmM,https://i.ytimg.com/vi/0IZyGB1qQmM/maxresdefault.jpg,Factors and Multiples | Mathematics Grade 5 | Periwinkle,https://www.youtube.com/embed/0IZyGB1qQmM,478612,215,3,0,1,86,10
PT6M44S,5/2/2020,L8bY9O0-j_4,https://i.ytimg.com/vi/L8bY9O0-j_4/maxresdefault.jpg,Addition of Fractions | Mathematics Grade 5 | Periwinkle,https://www.youtube.com/embed/L8bY9O0-j_4,120289,66,2,0,14,87,10
PT3M44S,1/22/2017,2fopxAVMCI4,https://i.ytimg.com/vi/2fopxAVMCI4/maxresdefault.jpg,"Word Problems Addition and Subtraction of Capacities, Litres, Millilitres | Maths For Class 2",https://www.youtube.com/embed/2fopxAVMCI4,279021,452,45,0,15,89,10
PT13M21S,7/11/2019,qM7B2nwpV1M,https://i.ytimg.com/vi/qM7B2nwpV1M/maxresdefault.jpg,Subtraction for kids - Learn how to subtract - Mathematics for kids ,https://www.youtube.com/embed/qM7B2nwpV1M,1314485,235,22,0,12,85,10
PT6M20S,2/13/2017,DJrHRdZ9WgU,https://i.ytimg.com/vi/DJrHRdZ9WgU/maxresdefault.jpg,Addition Word Problems | Word Problems on Addition | Maths For Class 2 | Maths Basics CBSE Children,https://www.youtube.com/embed/DJrHRdZ9WgU,318394,124,8,0,13,85,10
PT6M18S,11/27/2017,CqrYYiffPr0,https://i.ytimg.com/vi/CqrYYiffPr0/maxresdefault.jpg,Rules Of Divisibility | Mathematics Grade 4 | Periwinkle,https://www.youtube.com/embed/CqrYYiffPr0,612098,153,5,0,32,87,5
PT80M19S,8/7/2020,PT80M19S,https://i.ytimg.com/vi/CdTUq5TTDEo/maxresdefault.jpg,Lesson 3. Operations on whole numbers | Maths Session for Grade 07,https://www.youtube.com/embed/CdTUq5TTDEo,16829,120,6,0,12,85,10
PT9M40S,4/16/2012,dAgfnK528RA,https://i.ytimg.com/vi/dAgfnK528RA/maxresdefault.jpg,Math Antics - Order Of Operations,https://www.youtube.com/embed/dAgfnK528RA,5420719,965,3,0,1,84,10
PT12M33S,2/2/2016,Z757THlXLA8,https://i.ytimg.com/vi/Z757THlXLA8/maxresdefault.jpg,Lesson 1 - Multiply Whole Numbers By Fractions (5th Grade Math,https://www.youtube.com/embed/Z757THlXLA8,269497,254,5,0,1,86,15
PT182M17S,8/17/2020,oY4EgyY12-s,https://i.ytimg.com/vi/oY4EgyY12-s/maxresdefault.jpg,Lesson 3. Mathematical Operations on Whole Numbers | Maths Session for Grade 06,https://www.youtube.com/embed/oY4EgyY12-s,19997,52,4,0,75,85,15
PT8M14S,11/10/2017,LERb-94P8po,https://i.ytimg.com/vi/LERb-94P8po/maxresdefault.jpg,Simple Math Tricks You Weren\u2019t Taught at Schoo,https://www.youtube.com/embed/LERb-94P8po,6239255,3245,88,0,10,85,15
PT5M33S,3/30/2018,WBwPhWAP394,https://i.ytimg.com/vi/WBwPhWAP394/maxresdefault.jpg,Heart Dissection GCSE A Level Biology NEET Practical Skills,https://www.youtube.com/embed/WBwPhWAP394,10963899,6620,102,0,12,85,15
PT44M56S,11/20/2017,GUCcsMmZVec,https://i.ytimg.com/vi/GUCcsMmZVec/maxresdefault.jpg,Science for kids | Brilliant Brains | The Nervous System | Experiments for kids | Operation Ouch,https://www.youtube.com/embed/GUCcsMmZVec,2219080,250,12,0,1,85,15
PT33M12S,10/31/2020,SaZaOm3Umkc,https://i.ytimg.com/vi/SaZaOm3Umkc/maxresdefault.jpg,Lesson 29. Likelihood of an Event Occurring | Maths Session for Grade 07,https://www.youtube.com/embed/SaZaOm3Umkc,3222,142,52,0,41,85,15
PT6M54S,5/9/2013,zr4onA2k_LY,https://i.ytimg.com/vi/zr4onA2k_LY/maxresdefault.,Digestion in Human Beings 3D CBSE Class 7 Science (www.iDaaLearning.com,https://www.youtube.com/embed/zr4onA2k_LY,14312807,875,23,0,20,11,15
PT5M13S,4/16/2012,4lkq3DgvmJo,https://i.ytimg.com/vi/4lkq3DgvmJo/maxresdefault.jpg,Math Antics - Dividing Fractions,https://www.youtube.com/embed/4lkq3DgvmJo,3748319,956,14,0,12,12,1
PT16M49S,1/14/2020,aEYovzjp9_o,https://i.ytimg.com/vi/aEYovzjp9_o/maxresdefault.jpg,Nutrition in Plants | Class 7 Science Sprint | Chapter 1 @Vedantu Young Wonder,https://www.youtube.com/embed/aEYovzjp9_o,676859,254,52,0,2,13,51
PT14M6S,10/27/2019,RY2wQY70TeY,https://i.ytimg.com/vi/RY2wQY70TeY/maxresdefault.jpg,26 FAST MATHS TRICKS YOU MUST KNOW,https://www.youtube.com/embed/RY2wQY70TeY,8512381,123,6,0,12,13,10
PT14M48S,5/10/2016,85RMEh-afOg,https://i.ytimg.com/vi/85RMEh-afOg/maxresdefault.jpg,Frog Dissection--Sixth Grade,https://www.youtube.com/embed/85RMEh-afOg,3066927,6574,102,0,12,13,10
PT15M24S,6/3/2017,1_DSMABQZbk,https://i.ytimg.com/vi/1_DSMABQZbk/maxresdefault.jpg,How to become a Math Genius.\u2714\ufe0f How do genius people See a math problem! by mathOgenius,https://www.youtube.com/embed/1_DSMABQZbk,1842091,856,25,0,11,13,10
PT10M25S,2/21/2017,VoLZXXQL-YY,https://i.ytimg.com/vi/VoLZXXQL-YY/maxresdefault.jpg,9 Incredible Science Facts You Probably Didn't Learn At School,https://www.youtube.com/embed/VoLZXXQL-YY,27077415,475,42,0,11,12,1
PT5M17S,8/21/2020,PNDaKY9pgtM,https://i.ytimg.com/vi/PNDaKY9pgtM/maxresdefault.jpg,10 SECRET STUDY TIPS TO SCORE HIGHEST IN EXAMS || FASTEST WAY TO COVER ENTIRE SYLLABUS | STUDY HACKS,,2446815,259,12,0,22,12,10
PT13M46S,11/23/2020,LkhPRz7Hocg,https://i.ytimg.com/vi/LkhPRz7Hocg/maxresdefault.jpg,Algebra Basics: Laws Of Exponents - Math Antics,https://www.youtube.com/embed/LkhPRz7Hocg,451992,968,32,0,11,14,10
PT7M38S,3/4/2019,vkhs-QuEVfQ,https://i.ytimg.com/vi/vkhs-QuEVfQ/maxresdefault.jpg,"Pythagoras Theorem, Fractions, Ratio, Proportion and much more!! | #aumsum #kids #science",https://www.youtube.com/embed/vkhs-QuEVfQ,789909,598,25,0,11,15,10
PT49M32S,10/31/2018,0vuHnTWs-VY,https://i.ytimg.com/vi/0vuHnTWs-VY/maxresdefault.jpg,Fractions & Decimals - Chapter 2 - Introduction - Class 7,https://www.youtube.com/embed/0vuHnTWs-VY,2190940,663,42,0,11,15,10
PT72M9S,5/2/2016,TMubSggUOVE,https://i.ytimg.com/vi/TMubSggUOVE/maxresdefault.jpg,Math Videos:  How To Learn Basic Arithmetic Fast - Online Tutorial Lessons,https://www.youtube.com/embed/TMubSggUOVE,2092675,358,12,0,11,15,10
PT6M17S,8/24/2015,9hZkk73nJ_Y,https://i.ytimg.com/vi/9hZkk73nJ_Y/maxresdefault.jpg,Introduction to Fractions | #aumsum #kids #science #education #children,https://www.youtube.com/embed/9hZkk73nJ_Y,2475108,745,42,0,12,15,10
PT264M17S,3/24/2019,RdTozKPY_OQ,https://i.ytimg.com/vi/RdTozKPY_OQ/maxresdefault.jpg,Microsoft Excel Tutorial for Beginners | Excel Training | Excel Formulas and Functions | Edureka,https://www.youtube.com/embed/RdTozKPY_,2669946,888,32,0,1,15,10
PT10M29S,10/23/2015,LDIiYKYvvdA,https://i.ytimg.com/vi/LDIiYKYvvdA/maxresdefault.jpg,Algebra Basics: Solving 2-Step Equations - Math Antics,https://www.youtube.com/embed/LDIiYKYvvdA,3312625,666,22,0,45,15,10
PT13M53S,3/16/2021,vV7C7bXm4VI,https://i.ytimg.com/vi/vV7C7bXm4VI/maxresdefault.jpg,Math Antics - Number Patterns,https://www.youtube.com/embed/vV7C7bXm4VI,203366,999,55,0,10,15,10
